work_id,label
bachjs-bwv1001-bwv-1001-1-bwv-1001-1,bach_solo_violin
bachjs-bwv1001-bwv-1001-2-bwv-1001-2,bach_solo_violin
bachjs-bwv1001-bwv-1001-3-bwv-1001-3,bach_solo_violin
bachjs-bwv1001-bwv-1001-4-bwv-1001-4,bach_solo_violin
bachjs-bwv1002-partita-1-lys-1-cello,bach_solo_violin
bachjs-bwv1002-partita-1-lys-1-viola,bach_solo_violin
bachjs-bwv1002-partita-1-lys-1-violin,bach_solo_violin
bachjs-bwv1002-partita-1-lys-2-cello,bach_solo_violin
bachjs-bwv1002-partita-1-lys-2-viola,bach_solo_violin
bachjs-bwv1002-partita-1-lys-2-violin,bach_solo_violin
bachjs-bwv1002-partita-1-lys-3-cello,bach_solo_violin
bachjs-bwv1002-partita-1-lys-3-viola,bach_solo_violin
bachjs-bwv1002-partita-1-lys-3-violin,bach_solo_violin
bachjs-bwv1002-partita-1-lys-4-cello,bach_solo_violin
bachjs-bwv1002-partita-1-lys-4-viola,bach_solo_violin
bachjs-bwv1002-partita-1-lys-4-violin,bach_solo_violin
bachjs-bwv1002-partita-1-lys-5-cello,bach_solo_violin
bachjs-bwv1002-partita-1-lys-5-viola,bach_solo_violin
bachjs-bwv1002-partita-1-lys-5-violin,bach_solo_violin
bachjs-bwv1002-partita-1-lys-6-cello,bach_solo_violin
bachjs-bwv1002-partita-1-lys-6-viola,bach_solo_violin
bachjs-bwv1002-partita-1-lys-6-violin,bach_solo_violin
bachjs-bwv1002-partita-1-lys-7-cello,bach_solo_violin
bachjs-bwv1002-partita-1-lys-7-viola,bach_solo_violin
bachjs-bwv1002-partita-1-lys-7-violin,bach_solo_violin
bachjs-bwv1002-partita-1-lys-8-cello,bach_solo_violin
bachjs-bwv1002-partita-1-lys-8-viola,bach_solo_violin
bachjs-bwv1002-partita-1-lys-8-violin,bach_solo_violin
bachjs-bwv1003-bwv-1003-1-bwv-1003-1,bach_solo_violin
bachjs-bwv1003-bwv-1003-2-bwv-1003-2,bach_solo_violin
bachjs-bwv1003-bwv-1003-3-bwv-1003-3,bach_solo_violin
bachjs-bwv1003-bwv-1003-4-bwv-1003-4,bach_solo_violin
bachjs-bwv1004-bwv-1004-1-bwv-1004-1,bach_solo_violin
bachjs-bwv1004-bwv-1004-2-bwv-1004-2,bach_solo_violin
bachjs-bwv1004-bwv-1004-3-sarabanda-bwv-1004-3-sarabanda,bach_solo_violin
bachjs-bwv1004-bwv-1004-4-giga-bwv-1004-4-giga,bach_solo_violin
bachjs-bwv1004-bwv-1004-5-bwv-1004-5,bach_solo_violin
bachjs-bwv1005-bwv-1005-1-bwv-1005-1,bach_solo_violin
bachjs-bwv1005-bwv-1005-2-bwv-1005-2,bach_solo_violin
bachjs-bwv1005-bwv-1005-3-bwv-1005-3,bach_solo_violin
bachjs-bwv1005-bwv-1005-4-bwv-1005-4,bach_solo_violin
bachjs-bwv1006-bwv-1006-1-bwv-1006-1,bach_solo_violin
bachjs-bwv1006-bwv-1006-2-bwv-1006-2,bach_solo_violin
bachjs-bwv1006-bwv-1006-3-bwv-1006-3,bach_solo_violin
bachjs-bwv1006-bwv-1006-4-bwv-1006-4,bach_solo_violin
bachjs-bwv1006-bwv-1006-5-bwv-1006-5,bach_solo_violin
bachjs-bwv1006-bwv-1006-6-bwv-1006-6,bach_solo_violin
bachjs-bwv1006-bwv-1006-7-bwv-1006-7,bach_solo_violin
bachjs-bwv1006a-bwv-1006a-1-bwv-1006a-1,bach_solo_violin
bachjs-bwv1006a-bwv-1006a-1g-bwv-1006a-1g,bach_solo_violin
bachjs-bwv1006a-bwv-1006a-2-bwv-1006a-2,bach_solo_violin
bachjs-bwv1006a-bwv-1006a-2g-bwv-1006a-2g,bach_solo_violin
bachjs-bwv1006a-bwv-1006a-3-bwv-1006a-3,bach_solo_violin
bachjs-bwv1006a-bwv-1006a-3g-bwv-1006a-3g,bach_solo_violin
bachjs-bwv1006a-bwv-1006a-4-bwv-1006a-4,bach_solo_violin
bachjs-bwv1006a-bwv-1006a-4g-bwv-1006a-4g,bach_solo_violin
bachjs-bwv1006a-bwv-1006a-5-bwv-1006a-5,bach_solo_violin
bachjs-bwv1006a-bwv-1006a-5g-bwv-1006a-5g,bach_solo_violin
bachjs-bwv1006a-bwv-1006a-6-bwv-1006a-6,bach_solo_violin
bachjs-bwv1006a-bwv-1006a-6g-bwv-1006a-6g,bach_solo_violin
bachjs-bwv1006a-bwv-1006a-7-bwv-1006a-7,bach_solo_violin
bachjs-bwv1006a-bwv-1006a-7g-bwv-1006a-7g,bach_solo_violin
bachjs-bwv1007-bwv1007-lys-bwv1007-viola,bach_cello_suites
bachjs-bwv1007-bwv1007-lys-bwv1007,bach_cello_suites
bachjs-bwv1008-bwv1008-lys-bwv1008-viola,bach_cello_suites
bachjs-bwv1008-bwv1008-lys-bwv1008,bach_cello_suites
bachjs-bwv1009-cellosuite3-lys-bwv1009-viola,bach_cello_suites
bachjs-bwv1009-cellosuite3-lys-cellosuite3,bach_cello_suites
bachjs-bwv1010-bwv1010-lys-bwv1010-viola,bach_cello_suites
bachjs-bwv1010-bwv1010-lys-bwv1010,bach_cello_suites
bachjs-bwv1011-bwv1011-lys-bwv1011-viola-original,bach_cello_suites
bachjs-bwv1011-bwv1011-lys-bwv1011,bach_cello_suites
bachjs-bwv1011-bwv1011-transposed-lys-bwv1011-viola-transposed,bach_cello_suites
bachjs-bwv1011-bwv1011-transposed-lys-bwv1011-transposed,bach_cello_suites
bachjs-bwv1012-bwv-1012-1-bwv-1012-1,bach_cello_suites
bachjs-bwv1012-bwv-1012-2-bwv-1012-2,bach_cello_suites
bachjs-bwv1012-bwv-1012-3-bwv-1012-3,bach_cello_suites
bachjs-bwv1012-bwv-1012-4-bwv-1012-4,bach_cello_suites
bachjs-bwv1012-bwv-1012-5-1-bwv-1012-5-1,bach_cello_suites
bachjs-bwv1012-bwv-1012-5-2-bwv-1012-5-2,bach_cello_suites
bachjs-bwv1012-bwv-1012-6-bwv-1012-6,bach_cello_suites
bachjs-bwv1012-bwv1012-transposed-lys-bwv1012-viola,bach_cello_suites
bachjs-bwv1012-bwv1012-transposed-lys-bwv1012-transposed,bach_cello_suites
bachjs-bwv846-wtk1-fugue1-wtk1-fugue1,bach_wtc_1
bachjs-bwv846-wtk1-prelude1-wtk1-prelude1,bach_wtc_1
bachjs-bwv847-bwv847a-bwv847a,bach_wtc_1
bachjs-bwv847-fuga2-fuga2,bach_wtc_1
bachjs-bwv848-bwv848a-bwv848a,bach_wtc_1
bachjs-bwv848-bwv848b-bwv848b,bach_wtc_1
bachjs-bwv849-bwv849a-bwv849a,bach_wtc_1
bachjs-bwv849-bwv849b-bwv849b,bach_wtc_1
bachjs-bwv850-bwv850a-lys-bwv850a,bach_wtc_1
bachjs-bwv850-bwv850b-lys-bwv850b,bach_wtc_1
bachjs-bwv851-bwv851-fugue06-bwv851-fugue06,bach_wtc_1
bachjs-bwv851-bwv851a-bwv851a,bach_wtc_1
bachjs-bwv853-bwv853a-bwv853a,bach_wtc_1
bachjs-bwv853-bwv853b-bwv853b,bach_wtc_1
bachjs-bwv854-bwv854-praeludium-ix-rh-bwv854-praeludium-ix-rh,bach_wtc_1
bachjs-bwv855-bwv855a-bwv855a,bach_wtc_1
bachjs-bwv855-bwv855b-bwv855b,bach_wtc_1
bachjs-bwv856-bwv856-fugue11-bwv856-fugue11,bach_wtc_1
bachjs-bwv856-bwv856-praeludium11-bwv856-praeludium11,bach_wtc_1
bachjs-bwv857-bwv857-fuga12-bwv857-fuga12,bach_wtc_1
bachjs-bwv857-bwv857-praeludium12-bwv857-praeludium12,bach_wtc_1
bachjs-bwv860-bwv860-fuga15-bwv860-fuga15,bach_wtc_1
bachjs-bwv860-bwv860-praeludium15-bwv860-praeludium15,bach_wtc_1
bachjs-bwv861-bwv861-fuga16-bwv861-fuga16,bach_wtc_1
bachjs-bwv861-bwv861-praeludium16-bwv861-praeludium16,bach_wtc_1
bachjs-bwv862-bach-fugue17-bach-fugue17,bach_wtc_1
bachjs-bwv862-bach-prelude17-bach-prelude17,bach_wtc_1
bachjs-bwv865-bwv865-fuga20-bwv865-fuga20,bach_wtc_1
bachjs-bwv865-bwv865-praeludium20-bwv865-praeludium20,bach_wtc_1
bachjs-bwv869-bwv869-praeludium24-bwv869-praeludium24,bach_wtc_1
bachjs-bwv869-bwv869b-lys-bwv869b,bach_wtc_1
bachjs-bwv870-wtk2fuga1-wtk2fuga1,bach_wtc_2
bachjs-bwv870-wtk2prelude1-wtk2prelude1,bach_wtc_2
bachjs-bwv871-wtk2-fugue2-wtk2-fugue2,bach_wtc_2
bachjs-bwv871-wtk2-prelude2-wtk2-prelude2,bach_wtc_2
bachjs-bwv875-bwv875a-bwv875a,bach_wtc_2
bachjs-bwv878-f9-f9,bach_wtc_2
bachjs-bwv878-spiritus-domini-bach-spiritus-domini-bach,bach_wtc_2
beethovenlv-o111-lvb-sonate-111-1-lys-lvb-sonate-111-1,beethoven_32_sonatas
beethovenlv-o13-pathetique-2-pathetique-2,beethoven_32_sonatas
beethovenlv-o13-pathetique-2-guitar-duo-pathetique-2-guitar-duo,beethoven_32_sonatas
beethovenlv-o13-pathetique-3-pathetique-3,beethoven_32_sonatas
beethovenlv-o27-moonlight-lys-moonlight1-a4,beethoven_32_sonatas
beethovenlv-o27-moonlight-lys-moonlight1-let,beethoven_32_sonatas
beethovenlv-o27-moonlight-lys-moonlight2-a4,beethoven_32_sonatas
beethovenlv-o27-moonlight-lys-moonlight2-let,beethoven_32_sonatas
chopinff-o10-chopin-op-10-09-wfi-chopin-op-10-09-wfi,chopin_op10_etudes
chopinff-o10-op-10-12-wfi-op-10-12-wfi,chopin_op10_etudes
chopinff-o25-chopin-op-25-01-chopin-op-25-01,chopin_op25_etudes
chopinff-o28-chop-28-1-chop-28-1,chopin_op28_preludes
chopinff-o28-chop-28-10-chop-28-10,chopin_op28_preludes
chopinff-o28-chop-28-11-chop-28-11,chopin_op28_preludes
chopinff-o28-chop-28-12-chop-28-12,chopin_op28_preludes
chopinff-o28-chop-28-14-chop-28-14,chopin_op28_preludes
chopinff-o28-chop-28-15-lys-chopin-prelude-op28-no15,chopin_op28_preludes
chopinff-o28-chop-28-16-chop-28-16,chopin_op28_preludes
chopinff-o28-chop-28-17-lys-chop-28-17,chopin_op28_preludes
chopinff-o28-chop-28-18-chop-28-18,chopin_op28_preludes
chopinff-o28-chop-28-19-chop-28-19,chopin_op28_preludes
chopinff-o28-chop-28-20-chop-28-20,chopin_op28_preludes
chopinff-o28-chop-28-21-chop-28-21,chopin_op28_preludes
chopinff-o28-chop-28-22-chop-28-22,chopin_op28_preludes
chopinff-o28-chop-28-23-chop-28-23,chopin_op28_preludes
chopinff-o28-chop-28-24-chop-28-24,chopin_op28_preludes
chopinff-o28-chop-28-3-chop-28-3,chopin_op28_preludes
chopinff-o28-chop-28-4-chop-28-4,chopin_op28_preludes
chopinff-o28-chop-28-5-chop-28-5,chopin_op28_preludes
chopinff-o28-chop-28-6-lys-chopin-prelude-op28-no6,chopin_op28_preludes
chopinff-o28-chop-28-7-lys-chopin-prelude-op28-no7,chopin_op28_preludes
chopinff-o28-chop-28-8-chop-28-8,chopin_op28_preludes
chopinff-o28-chop-28-9-chop-28-9,chopin_op28_preludes
beethovenlv-o13-pathetique-1-pathetique-1,beethoven_32_sonatas
beethovenlv-o27-moonlight-lys-moonlight3-let,beethoven_32_sonatas
beethovenlv-o27-moonlight-lys-moonlight3-a4,beethoven_32_sonatas
